{"__args__":["Travel",[{"__args__":[],"__kw__":{"rst_text":"Some embarrassing revelation. Including \u2639 and \u2693","date":{"__args__":["2013-11-14T17:25:00","%Y-%m-%dT%H:%M:%S"],"__kw__":{},"__class__":"datetime.datetime.strptime"},"tags":["#RedRanger","#Whitby42","#ICW"],"title":"Hard Aground"},"__class__":"Post_J"},{"__args__":[],"__kw__":{"rst_text":"Some witty epigram.","date":{"__args__":["2013-11-18T15:30:00","%Y-%m-%dT%H:%M:%S"],"__kw__":{},"__class__":"datetime.datetime.strptime"},"tags":["#RedRanger","#Whitby42","#Mistakes"],"title":"Anchor Follies"},"__class__":"Post_J"}]],"__kw__":{},"__class__":"Blog_J"}